USE NewsDB

INSERT INTO News (NewsID, Title, [Date], IsChecked)
	VALUES (1, 'Ronaldo died.', '2000-07-20 21:11:59', 1)
INSERT INTO News (NewsID, Title, SubTitle, [Date], IsChecked)
	VALUES (2, 'Messi got the golden ball.', 'It will be contininouns', '2023-03-20 15:00:59', 1)
INSERT INTO News (NewsID, Title, [Date], IsChecked)
	VALUES (3, 'Golzar sang a song.', '2020-12-30 12:23:54', 0)
INSERT INTO News (NewsID, Title, [Date], IsChecked)
	VALUES (4, 'Teramp died.', '2019-01-30 10:11:33', 1)
INSERT INTO News (NewsID, Title, [Date], IsChecked)
	VALUES (5, 'Hitler borned.', '1999-01-01 00:00:00', 0)

INSERT INTO Categories (CategoryID, CategoryName)
	VALUES (1, 'Sports')
INSERT INTO Categories (CategoryID, CategoryName)
	VALUES (2, 'Political')
INSERT INTO Categories (CategoryID, CategoryName)
	VALUES (3, 'Historical')
INSERT INTO Categories (CategoryID, CategoryName)
	VALUES (4, 'Treatment')
INSERT INTO Categories (CategoryID, CategoryName)
	VALUES (5, 'Social')
INSERT INTO Categories (CategoryID, CategoryName)
	VALUES (6, 'Economic')

INSERT INTO CategoryNews (NewsID, CategoryID)
	VALUES (5, 3)
INSERT INTO CategoryNews (NewsID, CategoryID)
	VALUES (5, 2)
INSERT INTO CategoryNews (NewsID, CategoryID)
	VALUES (1, 1)
INSERT INTO CategoryNews (NewsID, CategoryID)
	VALUES (2, 1)
INSERT INTO CategoryNews (NewsID, CategoryID)
	VALUES (3, 5)
INSERT INTO CategoryNews (NewsID, CategoryID)
	VALUES (4, 2)
INSERT INTO CategoryNews (NewsID, CategoryID)
	VALUES (3, 1)

INSERT INTO Users (UserID, FirstName, LastName, City)
	VALUES (1, 'Ali', 'Mosayebi', 'Tehran')
INSERT INTO Users (UserID, FirstName, LastName, City)
	VALUES (2, 'Mohammad', 'Yazdani', 'Yazd')
INSERT INTO Users (UserID, FirstName, LastName, City)
	VALUES (3, 'Reza', 'Zandi', 'Esfehan')
INSERT INTO Users (UserID, FirstName, LastName, City)
	VALUES (4, 'Hossein', 'Taghavi', 'Karaj')

INSERT INTO UserNews (NewsID, UserID)
	VALUES (1, 2)
INSERT INTO UserNews (NewsID, UserID)
	VALUES (5, 3)
INSERT INTO UserNews (NewsID, UserID)
	VALUES (3, 2)
INSERT INTO UserNews (NewsID, UserID)
	VALUES (2, 3)
INSERT INTO UserNews (NewsID, UserID)
	VALUES (4, 4)

INSERT INTO Roles (RoleID, RoleName)
	VALUES (1, 'Reporter')
INSERT INTO Roles (RoleID, RoleName)
	VALUES (2, 'Guest')
INSERT INTO Roles (RoleID, RoleName)
	VALUES (3, 'Admin')
INSERT INTO Roles (RoleID, RoleName)
	VALUES (4, 'Presenter')

INSERT INTO UserRoles (UserID, RoleID)
	VALUES (1, 1)
INSERT INTO UserRoles (UserID, RoleID)
	VALUES (2, 1)
INSERT INTO UserRoles (UserID, RoleID)
	VALUES (3, 3)
INSERT INTO UserRoles (UserID, RoleID)
	VALUES (4, 2)